{
  "Real": {
    "precision": 0.7669069687607277,
    "recall": 0.857910906298003,
    "f1-score": 0.8098604313938735,
    "support": 2604.0
  },
  "Fake": {
    "precision": 0.8401037165082109,
    "recall": 0.7411361036980557,
    "f1-score": 0.7875227871176828,
    "support": 2623.0
  },
  "accuracy": 0.7993112684140042,
  "macro avg": {
    "precision": 0.8035053426344694,
    "recall": 0.7995235049980294,
    "f1-score": 0.7986916092557781,
    "support": 5227.0
  },
  "weighted avg": {
    "precision": 0.8036383767082403,
    "recall": 0.7993112684140042,
    "f1-score": 0.7986510108971357,
    "support": 5227.0
  }
}